endDate,startDate,type,value
2026-04-28 00:45:22 -0400,2026-04-28 00:39:54 -0400,HKCategoryTypeIdentifierSleepAnalysis,HKCategoryValueSleepAnalysisAsleepCore
2026-04-28 00:49:20 -0400,2026-04-28 00:45:22 -0400,HKCategoryTypeIdentifierSleepAnalysis,HKCategoryValueSleepAnalysisAwake
2026-04-28 01:14:40 -0400,2026-04-28 00:49:20 -0400,HKCategoryTypeIdentifierSleepAnalysis,HKCategoryValueSleepAnalysisAsleepCore
2026-04-28 01:17:39 -0400,2026-04-28 01:14:40 -0400,HKCategoryTypeIdentifierSleepAnalysis,HKCategoryValueSleepAnalysisAwake
2026-04-28 01:31:34 -0400,2026-04-28 01:17:39 -0400,HKCategoryTypeIdentifierSleepAnalysis,HKCategoryValueSleepAnalysisAsleepCore
2026-04-28 01:33:33 -0400,2026-04-28 01:31:34 -0400,HKCategoryTypeIdentifierSleepAnalysis,HKCategoryValueSleepAnalysisAsleepDeep
2026-04-28 01:34:32 -0400,2026-04-28 01:33:33 -0400,HKCategoryTypeIdentifierSleepAnalysis,HKCategoryValueSleepAnalysisAwake
2026-04-28 01:42:29 -0400,2026-04-28 01:34:32 -0400,HKCategoryTypeIdentifierSleepAnalysis,HKCategoryValueSleepAnalysisAsleepCore
2026-04-28 01:48:27 -0400,2026-04-28 01:42:29 -0400,HKCategoryTypeIdentifierSleepAnalysis,HKCategoryValueSleepAnalysisAsleepREM
2026-04-28 01:50:56 -0400,2026-04-28 01:48:27 -0400,HKCategoryTypeIdentifierSleepAnalysis,HKCategoryValueSleepAnalysisAsleepCore
2026-04-28 01:53:55 -0400,2026-04-28 01:50:56 -0400,HKCategoryTypeIdentifierSleepAnalysis,HKCategoryValueSleepAnalysisAsleepREM
2026-04-28 01:57:53 -0400,2026-04-28 01:53:55 -0400,HKCategoryTypeIdentifierSleepAnalysis,HKCategoryValueSleepAnalysisAwake
2026-04-28 02:09:49 -0400,2026-04-28 01:57:53 -0400,HKCategoryTypeIdentifierSleepAnalysis,HKCategoryValueSleepAnalysisAsleepCore
2026-04-28 02:22:43 -0400,2026-04-28 02:09:49 -0400,HKCategoryTypeIdentifierSleepAnalysis,HKCategoryValueSleepAnalysisAsleepDeep
2026-04-28 02:28:11 -0400,2026-04-28 02:22:43 -0400,HKCategoryTypeIdentifierSleepAnalysis,HKCategoryValueSleepAnalysisAsleepCore
2026-04-28 02:34:09 -0400,2026-04-28 02:28:11 -0400,HKCategoryTypeIdentifierSleepAnalysis,HKCategoryValueSleepAnalysisAsleepDeep
2026-04-28 02:39:07 -0400,2026-04-28 02:34:09 -0400,HKCategoryTypeIdentifierSleepAnalysis,HKCategoryValueSleepAnalysisAsleepCore
2026-04-28 03:05:56 -0400,2026-04-28 02:39:07 -0400,HKCategoryTypeIdentifierSleepAnalysis,HKCategoryValueSleepAnalysisAsleepDeep
2026-04-28 03:30:47 -0400,2026-04-28 03:05:56 -0400,HKCategoryTypeIdentifierSleepAnalysis,HKCategoryValueSleepAnalysisAsleepCore
2026-04-28 03:32:46 -0400,2026-04-28 03:30:47 -0400,HKCategoryTypeIdentifierSleepAnalysis,HKCategoryValueSleepAnalysisAwake
2026-04-28 03:37:44 -0400,2026-04-28 03:32:46 -0400,HKCategoryTypeIdentifierSleepAnalysis,HKCategoryValueSleepAnalysisAsleepCore
2026-04-28 03:39:13 -0400,2026-04-28 03:37:44 -0400,HKCategoryTypeIdentifierSleepAnalysis,HKCategoryValueSleepAnalysisAwake
2026-04-28 03:47:10 -0400,2026-04-28 03:39:13 -0400,HKCategoryTypeIdentifierSleepAnalysis,HKCategoryValueSleepAnalysisAsleepCore
2026-04-28 03:53:38 -0400,2026-04-28 03:47:10 -0400,HKCategoryTypeIdentifierSleepAnalysis,HKCategoryValueSleepAnalysisAsleepREM
2026-04-28 03:58:06 -0400,2026-04-28 03:53:38 -0400,HKCategoryTypeIdentifierSleepAnalysis,HKCategoryValueSleepAnalysisAwake
2026-04-28 04:19:57 -0400,2026-04-28 03:58:06 -0400,HKCategoryTypeIdentifierSleepAnalysis,HKCategoryValueSleepAnalysisAsleepREM
2026-04-28 04:20:27 -0400,2026-04-28 04:19:57 -0400,HKCategoryTypeIdentifierSleepAnalysis,HKCategoryValueSleepAnalysisAwake
2026-04-28 04:24:25 -0400,2026-04-28 04:20:27 -0400,HKCategoryTypeIdentifierSleepAnalysis,HKCategoryValueSleepAnalysisAsleepCore
2026-04-28 04:26:25 -0400,2026-04-28 04:24:25 -0400,HKCategoryTypeIdentifierSleepAnalysis,HKCategoryValueSleepAnalysisAsleepREM
2026-04-28 05:38:26 -0400,2026-04-28 04:26:25 -0400,HKCategoryTypeIdentifierSleepAnalysis,HKCategoryValueSleepAnalysisAsleepCore
2026-04-28 05:38:56 -0400,2026-04-28 05:38:26 -0400,HKCategoryTypeIdentifierSleepAnalysis,HKCategoryValueSleepAnalysisAwake
2026-04-28 05:49:52 -0400,2026-04-28 05:38:56 -0400,HKCategoryTypeIdentifierSleepAnalysis,HKCategoryValueSleepAnalysisAsleepCore
2026-04-28 06:24:38 -0400,2026-04-28 05:49:52 -0400,HKCategoryTypeIdentifierSleepAnalysis,HKCategoryValueSleepAnalysisAsleepREM
2026-04-28 06:26:37 -0400,2026-04-28 06:24:38 -0400,HKCategoryTypeIdentifierSleepAnalysis,HKCategoryValueSleepAnalysisAwake
2026-04-28 06:33:35 -0400,2026-04-28 06:26:37 -0400,HKCategoryTypeIdentifierSleepAnalysis,HKCategoryValueSleepAnalysisAsleepREM
2026-04-28 06:38:03 -0400,2026-04-28 06:33:35 -0400,HKCategoryTypeIdentifierSleepAnalysis,HKCategoryValueSleepAnalysisAwake
2026-04-28 06:40:32 -0400,2026-04-28 06:38:03 -0400,HKCategoryTypeIdentifierSleepAnalysis,HKCategoryValueSleepAnalysisAsleepCore
2026-04-29 00:43:06 -0400,2026-04-29 00:24:43 -0400,HKCategoryTypeIdentifierSleepAnalysis,HKCategoryValueSleepAnalysisAsleepCore
2026-04-29 00:55:31 -0400,2026-04-29 00:43:06 -0400,HKCategoryTypeIdentifierSleepAnalysis,HKCategoryValueSleepAnalysisAsleepDeep
2026-04-29 00:56:31 -0400,2026-04-29 00:55:31 -0400,HKCategoryTypeIdentifierSleepAnalysis,HKCategoryValueSleepAnalysisAsleepCore
2026-04-29 01:00:29 -0400,2026-04-29 00:56:31 -0400,HKCategoryTypeIdentifierSleepAnalysis,HKCategoryValueSleepAnalysisAwake
2026-04-29 01:13:54 -0400,2026-04-29 01:00:29 -0400,HKCategoryTypeIdentifierSleepAnalysis,HKCategoryValueSleepAnalysisAsleepCore
2026-04-29 01:39:44 -0400,2026-04-29 01:13:54 -0400,HKCategoryTypeIdentifierSleepAnalysis,HKCategoryValueSleepAnalysisAsleepDeep
2026-04-29 01:46:11 -0400,2026-04-29 01:39:44 -0400,HKCategoryTypeIdentifierSleepAnalysis,HKCategoryValueSleepAnalysisAsleepCore
2026-04-29 01:48:10 -0400,2026-04-29 01:46:11 -0400,HKCategoryTypeIdentifierSleepAnalysis,HKCategoryValueSleepAnalysisAsleepDeep
2026-04-29 01:48:40 -0400,2026-04-29 01:48:10 -0400,HKCategoryTypeIdentifierSleepAnalysis,HKCategoryValueSleepAnalysisAsleepCore
2026-04-29 01:51:39 -0400,2026-04-29 01:48:40 -0400,HKCategoryTypeIdentifierSleepAnalysis,HKCategoryValueSleepAnalysisAwake
2026-04-29 01:59:36 -0400,2026-04-29 01:51:39 -0400,HKCategoryTypeIdentifierSleepAnalysis,HKCategoryValueSleepAnalysisAsleepCore
2026-04-29 02:02:35 -0400,2026-04-29 01:59:36 -0400,HKCategoryTypeIdentifierSleepAnalysis,HKCategoryValueSleepAnalysisAwake
2026-04-29 02:27:25 -0400,2026-04-29 02:02:35 -0400,HKCategoryTypeIdentifierSleepAnalysis,HKCategoryValueSleepAnalysisAsleepCore
2026-04-29 02:40:50 -0400,2026-04-29 02:27:25 -0400,HKCategoryTypeIdentifierSleepAnalysis,HKCategoryValueSleepAnalysisAsleepDeep
2026-04-29 03:08:39 -0400,2026-04-29 02:40:50 -0400,HKCategoryTypeIdentifierSleepAnalysis,HKCategoryValueSleepAnalysisAsleepCore
2026-04-29 03:09:08 -0400,2026-04-29 03:08:39 -0400,HKCategoryTypeIdentifierSleepAnalysis,HKCategoryValueSleepAnalysisAsleepDeep
2026-04-29 03:10:08 -0400,2026-04-29 03:09:08 -0400,HKCategoryTypeIdentifierSleepAnalysis,HKCategoryValueSleepAnalysisAsleepCore
2026-04-29 03:12:37 -0400,2026-04-29 03:10:08 -0400,HKCategoryTypeIdentifierSleepAnalysis,HKCategoryValueSleepAnalysisAwake
2026-04-29 03:18:05 -0400,2026-04-29 03:12:37 -0400,HKCategoryTypeIdentifierSleepAnalysis,HKCategoryValueSleepAnalysisAsleepCore
2026-04-29 03:46:54 -0400,2026-04-29 03:18:05 -0400,HKCategoryTypeIdentifierSleepAnalysis,HKCategoryValueSleepAnalysisAsleepREM
2026-04-29 05:11:20 -0400,2026-04-29 03:46:54 -0400,HKCategoryTypeIdentifierSleepAnalysis,HKCategoryValueSleepAnalysisAsleepCore
2026-04-29 05:45:07 -0400,2026-04-29 05:11:20 -0400,HKCategoryTypeIdentifierSleepAnalysis,HKCategoryValueSleepAnalysisAsleepREM
2026-04-29 05:45:37 -0400,2026-04-29 05:45:07 -0400,HKCategoryTypeIdentifierSleepAnalysis,HKCategoryValueSleepAnalysisAwake
2026-04-29 06:50:11 -0400,2026-04-29 05:45:37 -0400,HKCategoryTypeIdentifierSleepAnalysis,HKCategoryValueSleepAnalysisAsleepCore
2026-04-29 07:24:28 -0400,2026-04-29 06:50:11 -0400,HKCategoryTypeIdentifierSleepAnalysis,HKCategoryValueSleepAnalysisAsleepREM
2026-04-30 01:00:31 -0400,2026-04-30 00:42:08 -0400,HKCategoryTypeIdentifierSleepAnalysis,HKCategoryValueSleepAnalysisAsleepCore
2026-04-30 01:15:25 -0400,2026-04-30 01:00:31 -0400,HKCategoryTypeIdentifierSleepAnalysis,HKCategoryValueSleepAnalysisAsleepDeep
2026-04-30 01:22:22 -0400,2026-04-30 01:15:25 -0400,HKCategoryTypeIdentifierSleepAnalysis,HKCategoryValueSleepAnalysisAsleepCore
2026-04-30 01:38:45 -0400,2026-04-30 01:22:22 -0400,HKCategoryTypeIdentifierSleepAnalysis,HKCategoryValueSleepAnalysisAsleepDeep
2026-04-30 01:42:44 -0400,2026-04-30 01:38:45 -0400,HKCategoryTypeIdentifierSleepAnalysis,HKCategoryValueSleepAnalysisAsleepCore
2026-04-30 02:04:05 -0400,2026-04-30 01:42:44 -0400,HKCategoryTypeIdentifierSleepAnalysis,HKCategoryValueSleepAnalysisAsleepREM
2026-04-30 02:04:35 -0400,2026-04-30 02:04:05 -0400,HKCategoryTypeIdentifierSleepAnalysis,HKCategoryValueSleepAnalysisAsleepCore
2026-04-30 02:05:05 -0400,2026-04-30 02:04:35 -0400,HKCategoryTypeIdentifierSleepAnalysis,HKCategoryValueSleepAnalysisAwake
2026-04-30 02:29:55 -0400,2026-04-30 02:05:05 -0400,HKCategoryTypeIdentifierSleepAnalysis,HKCategoryValueSleepAnalysisAsleepCore
2026-04-30 03:01:13 -0400,2026-04-30 02:29:55 -0400,HKCategoryTypeIdentifierSleepAnalysis,HKCategoryValueSleepAnalysisAsleepDeep
2026-04-30 03:22:34 -0400,2026-04-30 03:01:13 -0400,HKCategoryTypeIdentifierSleepAnalysis,HKCategoryValueSleepAnalysisAsleepCore
2026-04-30 03:24:33 -0400,2026-04-30 03:22:34 -0400,HKCategoryTypeIdentifierSleepAnalysis,HKCategoryValueSleepAnalysisAsleepDeep
2026-04-30 03:34:59 -0400,2026-04-30 03:24:33 -0400,HKCategoryTypeIdentifierSleepAnalysis,HKCategoryValueSleepAnalysisAsleepCore
2026-04-30 03:35:29 -0400,2026-04-30 03:34:59 -0400,HKCategoryTypeIdentifierSleepAnalysis,HKCategoryValueSleepAnalysisAwake
2026-04-30 03:39:27 -0400,2026-04-30 03:35:29 -0400,HKCategoryTypeIdentifierSleepAnalysis,HKCategoryValueSleepAnalysisAsleepCore
2026-04-30 04:03:18 -0400,2026-04-30 03:39:27 -0400,HKCategoryTypeIdentifierSleepAnalysis,HKCategoryValueSleepAnalysisAsleepREM
2026-04-30 04:04:17 -0400,2026-04-30 04:03:18 -0400,HKCategoryTypeIdentifierSleepAnalysis,HKCategoryValueSleepAnalysisAsleepCore
2026-04-30 04:05:17 -0400,2026-04-30 04:04:17 -0400,HKCategoryTypeIdentifierSleepAnalysis,HKCategoryValueSleepAnalysisAsleepREM
2026-04-30 04:06:17 -0400,2026-04-30 04:05:17 -0400,HKCategoryTypeIdentifierSleepAnalysis,HKCategoryValueSleepAnalysisAsleepCore
2026-04-30 04:06:46 -0400,2026-04-30 04:06:17 -0400,HKCategoryTypeIdentifierSleepAnalysis,HKCategoryValueSleepAnalysisAsleepREM
2026-04-30 04:08:46 -0400,2026-04-30 04:06:46 -0400,HKCategoryTypeIdentifierSleepAnalysis,HKCategoryValueSleepAnalysisAsleepCore
2026-04-30 04:10:15 -0400,2026-04-30 04:08:46 -0400,HKCategoryTypeIdentifierSleepAnalysis,HKCategoryValueSleepAnalysisAsleepREM
2026-04-30 04:11:45 -0400,2026-04-30 04:10:15 -0400,HKCategoryTypeIdentifierSleepAnalysis,HKCategoryValueSleepAnalysisAsleepCore
2026-04-30 04:13:14 -0400,2026-04-30 04:11:45 -0400,HKCategoryTypeIdentifierSleepAnalysis,HKCategoryValueSleepAnalysisAwake
2026-04-30 04:58:26 -0400,2026-04-30 04:13:14 -0400,HKCategoryTypeIdentifierSleepAnalysis,HKCategoryValueSleepAnalysisAsleepCore
2026-04-30 04:58:56 -0400,2026-04-30 04:58:26 -0400,HKCategoryTypeIdentifierSleepAnalysis,HKCategoryValueSleepAnalysisAsleepDeep
2026-04-30 05:33:42 -0400,2026-04-30 04:58:56 -0400,HKCategoryTypeIdentifierSleepAnalysis,HKCategoryValueSleepAnalysisAsleepCore
2026-04-30 05:34:42 -0400,2026-04-30 05:33:42 -0400,HKCategoryTypeIdentifierSleepAnalysis,HKCategoryValueSleepAnalysisAwake
2026-04-30 05:38:40 -0400,2026-04-30 05:34:42 -0400,HKCategoryTypeIdentifierSleepAnalysis,HKCategoryValueSleepAnalysisAsleepCore
2026-04-30 06:06:00 -0400,2026-04-30 05:38:40 -0400,HKCategoryTypeIdentifierSleepAnalysis,HKCategoryValueSleepAnalysisAsleepREM
2026-04-30 06:44:44 -0400,2026-04-30 06:06:00 -0400,HKCategoryTypeIdentifierSleepAnalysis,HKCategoryValueSleepAnalysisAsleepCore
2026-04-30 06:55:40 -0400,2026-04-30 06:44:44 -0400,HKCategoryTypeIdentifierSleepAnalysis,HKCategoryValueSleepAnalysisAsleepREM
2026-04-30 06:58:09 -0400,2026-04-30 06:55:40 -0400,HKCategoryTypeIdentifierSleepAnalysis,HKCategoryValueSleepAnalysisAwake
2026-04-30 06:59:38 -0400,2026-04-30 06:58:09 -0400,HKCategoryTypeIdentifierSleepAnalysis,HKCategoryValueSleepAnalysisAsleepCore
2026-04-30 07:29:57 -0400,2026-04-30 06:59:38 -0400,HKCategoryTypeIdentifierSleepAnalysis,HKCategoryValueSleepAnalysisAsleepREM
2026-05-01 00:54:19 -0400,2026-05-01 00:37:56 -0400,HKCategoryTypeIdentifierSleepAnalysis,HKCategoryValueSleepAnalysisAsleepCore
2026-05-01 01:26:37 -0400,2026-05-01 00:54:19 -0400,HKCategoryTypeIdentifierSleepAnalysis,HKCategoryValueSleepAnalysisAsleepDeep
2026-05-01 02:00:53 -0400,2026-05-01 01:26:37 -0400,HKCategoryTypeIdentifierSleepAnalysis,HKCategoryValueSleepAnalysisAsleepCore
2026-05-01 02:04:22 -0400,2026-05-01 02:00:53 -0400,HKCategoryTypeIdentifierSleepAnalysis,HKCategoryValueSleepAnalysisAsleepDeep
2026-05-01 02:09:20 -0400,2026-05-01 02:04:22 -0400,HKCategoryTypeIdentifierSleepAnalysis,HKCategoryValueSleepAnalysisAsleepCore
2026-05-01 02:27:13 -0400,2026-05-01 02:09:20 -0400,HKCategoryTypeIdentifierSleepAnalysis,HKCategoryValueSleepAnalysisAsleepDeep
2026-05-01 02:30:11 -0400,2026-05-01 02:27:13 -0400,HKCategoryTypeIdentifierSleepAnalysis,HKCategoryValueSleepAnalysisAsleepCore
2026-05-01 02:50:33 -0400,2026-05-01 02:30:11 -0400,HKCategoryTypeIdentifierSleepAnalysis,HKCategoryValueSleepAnalysisAsleepDeep
2026-05-01 03:13:54 -0400,2026-05-01 02:50:33 -0400,HKCategoryTypeIdentifierSleepAnalysis,HKCategoryValueSleepAnalysisAsleepCore
2026-05-01 03:15:53 -0400,2026-05-01 03:13:54 -0400,HKCategoryTypeIdentifierSleepAnalysis,HKCategoryValueSleepAnalysisAwake
2026-05-01 03:32:47 -0400,2026-05-01 03:15:53 -0400,HKCategoryTypeIdentifierSleepAnalysis,HKCategoryValueSleepAnalysisAsleepCore
2026-05-01 03:34:46 -0400,2026-05-01 03:32:47 -0400,HKCategoryTypeIdentifierSleepAnalysis,HKCategoryValueSleepAnalysisAwake
2026-05-01 03:47:41 -0400,2026-05-01 03:34:46 -0400,HKCategoryTypeIdentifierSleepAnalysis,HKCategoryValueSleepAnalysisAsleepCore
2026-05-01 03:48:11 -0400,2026-05-01 03:47:41 -0400,HKCategoryTypeIdentifierSleepAnalysis,HKCategoryValueSleepAnalysisAwake
2026-05-01 05:10:08 -0400,2026-05-01 03:48:11 -0400,HKCategoryTypeIdentifierSleepAnalysis,HKCategoryValueSleepAnalysisAsleepCore
2026-05-01 05:10:38 -0400,2026-05-01 05:10:08 -0400,HKCategoryTypeIdentifierSleepAnalysis,HKCategoryValueSleepAnalysisAsleepDeep
2026-05-01 05:14:37 -0400,2026-05-01 05:10:38 -0400,HKCategoryTypeIdentifierSleepAnalysis,HKCategoryValueSleepAnalysisAwake
2026-05-01 05:15:36 -0400,2026-05-01 05:14:37 -0400,HKCategoryTypeIdentifierSleepAnalysis,HKCategoryValueSleepAnalysisAsleepCore
2026-05-01 05:16:06 -0400,2026-05-01 05:15:36 -0400,HKCategoryTypeIdentifierSleepAnalysis,HKCategoryValueSleepAnalysisAwake
2026-05-01 05:19:05 -0400,2026-05-01 05:16:06 -0400,HKCategoryTypeIdentifierSleepAnalysis,HKCategoryValueSleepAnalysisAsleepCore
2026-05-01 05:30:01 -0400,2026-05-01 05:19:05 -0400,HKCategoryTypeIdentifierSleepAnalysis,HKCategoryValueSleepAnalysisAsleepREM
2026-05-01 05:32:30 -0400,2026-05-01 05:30:01 -0400,HKCategoryTypeIdentifierSleepAnalysis,HKCategoryValueSleepAnalysisAwake
2026-05-01 05:37:57 -0400,2026-05-01 05:32:30 -0400,HKCategoryTypeIdentifierSleepAnalysis,HKCategoryValueSleepAnalysisAsleepCore
2026-05-01 05:45:54 -0400,2026-05-01 05:37:57 -0400,HKCategoryTypeIdentifierSleepAnalysis,HKCategoryValueSleepAnalysisAsleepREM
2026-05-01 05:47:54 -0400,2026-05-01 05:45:54 -0400,HKCategoryTypeIdentifierSleepAnalysis,HKCategoryValueSleepAnalysisAwake
2026-05-01 06:43:32 -0400,2026-05-01 05:47:54 -0400,HKCategoryTypeIdentifierSleepAnalysis,HKCategoryValueSleepAnalysisAsleepCore
2026-05-01 06:50:59 -0400,2026-05-01 06:43:32 -0400,HKCategoryTypeIdentifierSleepAnalysis,HKCategoryValueSleepAnalysisAwake
2026-05-01 06:55:57 -0400,2026-05-01 06:50:59 -0400,HKCategoryTypeIdentifierSleepAnalysis,HKCategoryValueSleepAnalysisAsleepCore
2026-05-01 06:56:56 -0400,2026-05-01 06:55:57 -0400,HKCategoryTypeIdentifierSleepAnalysis,HKCategoryValueSleepAnalysisAwake
2026-05-01 07:03:54 -0400,2026-05-01 06:56:56 -0400,HKCategoryTypeIdentifierSleepAnalysis,HKCategoryValueSleepAnalysisAsleepCore
2026-05-01 07:06:52 -0400,2026-05-01 07:03:54 -0400,HKCategoryTypeIdentifierSleepAnalysis,HKCategoryValueSleepAnalysisAwake
2026-05-01 07:17:48 -0400,2026-05-01 07:06:52 -0400,HKCategoryTypeIdentifierSleepAnalysis,HKCategoryValueSleepAnalysisAsleepCore
2026-05-01 07:18:18 -0400,2026-05-01 07:17:48 -0400,HKCategoryTypeIdentifierSleepAnalysis,HKCategoryValueSleepAnalysisAwake
2026-05-01 07:20:17 -0400,2026-05-01 07:18:18 -0400,HKCategoryTypeIdentifierSleepAnalysis,HKCategoryValueSleepAnalysisAsleepCore
2026-05-01 07:30:14 -0400,2026-05-01 07:20:17 -0400,HKCategoryTypeIdentifierSleepAnalysis,HKCategoryValueSleepAnalysisAsleepREM
2026-05-02 01:29:11 -0400,2026-05-02 01:17:46 -0400,HKCategoryTypeIdentifierSleepAnalysis,HKCategoryValueSleepAnalysisAsleepCore
2026-05-02 01:53:02 -0400,2026-05-02 01:29:11 -0400,HKCategoryTypeIdentifierSleepAnalysis,HKCategoryValueSleepAnalysisAsleepDeep
2026-05-02 01:55:31 -0400,2026-05-02 01:53:02 -0400,HKCategoryTypeIdentifierSleepAnalysis,HKCategoryValueSleepAnalysisAwake
2026-05-02 02:04:57 -0400,2026-05-02 01:55:31 -0400,HKCategoryTypeIdentifierSleepAnalysis,HKCategoryValueSleepAnalysisAsleepCore
2026-05-02 02:26:49 -0400,2026-05-02 02:04:57 -0400,HKCategoryTypeIdentifierSleepAnalysis,HKCategoryValueSleepAnalysisAsleepDeep
2026-05-02 02:27:48 -0400,2026-05-02 02:26:49 -0400,HKCategoryTypeIdentifierSleepAnalysis,HKCategoryValueSleepAnalysisAwake
2026-05-02 02:43:12 -0400,2026-05-02 02:27:48 -0400,HKCategoryTypeIdentifierSleepAnalysis,HKCategoryValueSleepAnalysisAsleepCore
2026-05-02 02:44:12 -0400,2026-05-02 02:43:12 -0400,HKCategoryTypeIdentifierSleepAnalysis,HKCategoryValueSleepAnalysisAsleepREM
2026-05-02 02:45:41 -0400,2026-05-02 02:44:12 -0400,HKCategoryTypeIdentifierSleepAnalysis,HKCategoryValueSleepAnalysisAwake
2026-05-02 03:12:01 -0400,2026-05-02 02:45:41 -0400,HKCategoryTypeIdentifierSleepAnalysis,HKCategoryValueSleepAnalysisAsleepCore
2026-05-02 03:16:29 -0400,2026-05-02 03:12:01 -0400,HKCategoryTypeIdentifierSleepAnalysis,HKCategoryValueSleepAnalysisAwake
2026-05-02 03:26:55 -0400,2026-05-02 03:16:29 -0400,HKCategoryTypeIdentifierSleepAnalysis,HKCategoryValueSleepAnalysisAsleepCore
2026-05-02 03:31:23 -0400,2026-05-02 03:26:55 -0400,HKCategoryTypeIdentifierSleepAnalysis,HKCategoryValueSleepAnalysisAwake
2026-05-02 03:48:46 -0400,2026-05-02 03:31:23 -0400,HKCategoryTypeIdentifierSleepAnalysis,HKCategoryValueSleepAnalysisAsleepCore
2026-05-02 03:49:46 -0400,2026-05-02 03:48:46 -0400,HKCategoryTypeIdentifierSleepAnalysis,HKCategoryValueSleepAnalysisAwake
2026-05-02 04:00:12 -0400,2026-05-02 03:49:46 -0400,HKCategoryTypeIdentifierSleepAnalysis,HKCategoryValueSleepAnalysisAsleepCore
2026-05-02 04:00:42 -0400,2026-05-02 04:00:12 -0400,HKCategoryTypeIdentifierSleepAnalysis,HKCategoryValueSleepAnalysisAwake
2026-05-02 04:19:34 -0400,2026-05-02 04:00:42 -0400,HKCategoryTypeIdentifierSleepAnalysis,HKCategoryValueSleepAnalysisAsleepCore
2026-05-02 04:28:01 -0400,2026-05-02 04:19:34 -0400,HKCategoryTypeIdentifierSleepAnalysis,HKCategoryValueSleepAnalysisAwake
2026-05-02 04:33:29 -0400,2026-05-02 04:28:01 -0400,HKCategoryTypeIdentifierSleepAnalysis,HKCategoryValueSleepAnalysisAsleepCore
2026-05-02 04:33:59 -0400,2026-05-02 04:33:29 -0400,HKCategoryTypeIdentifierSleepAnalysis,HKCategoryValueSleepAnalysisAwake
2026-05-02 04:40:26 -0400,2026-05-02 04:33:59 -0400,HKCategoryTypeIdentifierSleepAnalysis,HKCategoryValueSleepAnalysisAsleepCore
2026-05-02 04:44:24 -0400,2026-05-02 04:40:26 -0400,HKCategoryTypeIdentifierSleepAnalysis,HKCategoryValueSleepAnalysisAwake
2026-05-02 04:53:21 -0400,2026-05-02 04:44:24 -0400,HKCategoryTypeIdentifierSleepAnalysis,HKCategoryValueSleepAnalysisAsleepCore
2026-05-02 04:58:49 -0400,2026-05-02 04:53:21 -0400,HKCategoryTypeIdentifierSleepAnalysis,HKCategoryValueSleepAnalysisAwake
2026-05-02 05:24:09 -0400,2026-05-02 04:58:49 -0400,HKCategoryTypeIdentifierSleepAnalysis,HKCategoryValueSleepAnalysisAsleepCore
2026-05-02 06:24:15 -0400,2026-05-02 05:24:09 -0400,HKCategoryTypeIdentifierSleepAnalysis,HKCategoryValueSleepAnalysisAsleepREM
2026-05-02 06:58:32 -0400,2026-05-02 06:24:15 -0400,HKCategoryTypeIdentifierSleepAnalysis,HKCategoryValueSleepAnalysisAsleepCore
2026-05-02 07:11:56 -0400,2026-05-02 06:58:32 -0400,HKCategoryTypeIdentifierSleepAnalysis,HKCategoryValueSleepAnalysisAsleepDeep
2026-05-02 07:14:55 -0400,2026-05-02 07:11:56 -0400,HKCategoryTypeIdentifierSleepAnalysis,HKCategoryValueSleepAnalysisAwake
2026-05-02 07:20:23 -0400,2026-05-02 07:14:55 -0400,HKCategoryTypeIdentifierSleepAnalysis,HKCategoryValueSleepAnalysisAsleepCore
2026-05-02 07:22:22 -0400,2026-05-02 07:20:23 -0400,HKCategoryTypeIdentifierSleepAnalysis,HKCategoryValueSleepAnalysisAwake
2026-05-02 07:29:19 -0400,2026-05-02 07:22:22 -0400,HKCategoryTypeIdentifierSleepAnalysis,HKCategoryValueSleepAnalysisAsleepCore
2026-05-02 07:30:49 -0400,2026-05-02 07:29:19 -0400,HKCategoryTypeIdentifierSleepAnalysis,HKCategoryValueSleepAnalysisAwake
2026-05-02 07:45:13 -0400,2026-05-02 07:30:49 -0400,HKCategoryTypeIdentifierSleepAnalysis,HKCategoryValueSleepAnalysisAsleepCore
2026-05-02 07:47:12 -0400,2026-05-02 07:45:13 -0400,HKCategoryTypeIdentifierSleepAnalysis,HKCategoryValueSleepAnalysisAwake
2026-05-02 07:53:40 -0400,2026-05-02 07:47:12 -0400,HKCategoryTypeIdentifierSleepAnalysis,HKCategoryValueSleepAnalysisAsleepCore
2026-05-02 07:54:39 -0400,2026-05-02 07:53:40 -0400,HKCategoryTypeIdentifierSleepAnalysis,HKCategoryValueSleepAnalysisAwake
2026-05-02 08:16:01 -0400,2026-05-02 07:54:39 -0400,HKCategoryTypeIdentifierSleepAnalysis,HKCategoryValueSleepAnalysisAsleepCore
2026-05-02 08:18:00 -0400,2026-05-02 08:16:01 -0400,HKCategoryTypeIdentifierSleepAnalysis,HKCategoryValueSleepAnalysisAwake
2026-05-02 08:30:55 -0400,2026-05-02 08:18:00 -0400,HKCategoryTypeIdentifierSleepAnalysis,HKCategoryValueSleepAnalysisAsleepCore
2026-05-02 08:43:20 -0400,2026-05-02 08:30:55 -0400,HKCategoryTypeIdentifierSleepAnalysis,HKCategoryValueSleepAnalysisAsleepREM
2026-05-02 08:46:19 -0400,2026-05-02 08:43:20 -0400,HKCategoryTypeIdentifierSleepAnalysis,HKCategoryValueSleepAnalysisAwake
2026-05-02 09:08:40 -0400,2026-05-02 08:46:19 -0400,HKCategoryTypeIdentifierSleepAnalysis,HKCategoryValueSleepAnalysisAsleepCore
2026-05-02 09:15:08 -0400,2026-05-02 09:08:40 -0400,HKCategoryTypeIdentifierSleepAnalysis,HKCategoryValueSleepAnalysisAwake
2026-05-02 09:25:04 -0400,2026-05-02 09:15:08 -0400,HKCategoryTypeIdentifierSleepAnalysis,HKCategoryValueSleepAnalysisAsleepCore
2026-05-03 02:42:59 -0400,2026-05-03 02:23:37 -0400,HKCategoryTypeIdentifierSleepAnalysis,HKCategoryValueSleepAnalysisAsleepCore
2026-05-03 02:48:27 -0400,2026-05-03 02:42:59 -0400,HKCategoryTypeIdentifierSleepAnalysis,HKCategoryValueSleepAnalysisAsleepDeep
2026-05-03 02:49:26 -0400,2026-05-03 02:48:27 -0400,HKCategoryTypeIdentifierSleepAnalysis,HKCategoryValueSleepAnalysisAwake
2026-05-03 02:55:24 -0400,2026-05-03 02:49:26 -0400,HKCategoryTypeIdentifierSleepAnalysis,HKCategoryValueSleepAnalysisAsleepCore
2026-05-03 02:56:24 -0400,2026-05-03 02:55:24 -0400,HKCategoryTypeIdentifierSleepAnalysis,HKCategoryValueSleepAnalysisAwake
2026-05-03 03:08:19 -0400,2026-05-03 02:56:24 -0400,HKCategoryTypeIdentifierSleepAnalysis,HKCategoryValueSleepAnalysisAsleepCore
2026-05-03 03:23:43 -0400,2026-05-03 03:08:19 -0400,HKCategoryTypeIdentifierSleepAnalysis,HKCategoryValueSleepAnalysisAsleepDeep
2026-05-03 03:38:07 -0400,2026-05-03 03:23:43 -0400,HKCategoryTypeIdentifierSleepAnalysis,HKCategoryValueSleepAnalysisAsleepCore
2026-05-03 03:40:36 -0400,2026-05-03 03:38:07 -0400,HKCategoryTypeIdentifierSleepAnalysis,HKCategoryValueSleepAnalysisAsleepDeep
2026-05-03 03:41:06 -0400,2026-05-03 03:40:36 -0400,HKCategoryTypeIdentifierSleepAnalysis,HKCategoryValueSleepAnalysisAsleepCore
2026-05-03 03:53:31 -0400,2026-05-03 03:41:06 -0400,HKCategoryTypeIdentifierSleepAnalysis,HKCategoryValueSleepAnalysisAsleepDeep
2026-05-03 04:04:27 -0400,2026-05-03 03:53:31 -0400,HKCategoryTypeIdentifierSleepAnalysis,HKCategoryValueSleepAnalysisAsleepCore
2026-05-03 04:35:45 -0400,2026-05-03 04:04:27 -0400,HKCategoryTypeIdentifierSleepAnalysis,HKCategoryValueSleepAnalysisAsleepREM
2026-05-03 05:07:02 -0400,2026-05-03 04:35:45 -0400,HKCategoryTypeIdentifierSleepAnalysis,HKCategoryValueSleepAnalysisAsleepCore
2026-05-03 05:29:23 -0400,2026-05-03 05:07:02 -0400,HKCategoryTypeIdentifierSleepAnalysis,HKCategoryValueSleepAnalysisAsleepDeep
2026-05-03 05:37:20 -0400,2026-05-03 05:29:23 -0400,HKCategoryTypeIdentifierSleepAnalysis,HKCategoryValueSleepAnalysisAsleepCore
2026-05-03 05:40:49 -0400,2026-05-03 05:37:20 -0400,HKCategoryTypeIdentifierSleepAnalysis,HKCategoryValueSleepAnalysisAwake
2026-05-03 06:09:08 -0400,2026-05-03 05:40:49 -0400,HKCategoryTypeIdentifierSleepAnalysis,HKCategoryValueSleepAnalysisAsleepCore
2026-05-03 06:13:36 -0400,2026-05-03 06:09:08 -0400,HKCategoryTypeIdentifierSleepAnalysis,HKCategoryValueSleepAnalysisAsleepREM
2026-05-03 06:15:05 -0400,2026-05-03 06:13:36 -0400,HKCategoryTypeIdentifierSleepAnalysis,HKCategoryValueSleepAnalysisAwake
2026-05-03 06:27:31 -0400,2026-05-03 06:15:05 -0400,HKCategoryTypeIdentifierSleepAnalysis,HKCategoryValueSleepAnalysisAsleepREM
2026-05-03 06:32:29 -0400,2026-05-03 06:27:31 -0400,HKCategoryTypeIdentifierSleepAnalysis,HKCategoryValueSleepAnalysisAsleepCore
2026-05-03 06:43:54 -0400,2026-05-03 06:32:29 -0400,HKCategoryTypeIdentifierSleepAnalysis,HKCategoryValueSleepAnalysisAsleepREM
2026-05-03 06:44:24 -0400,2026-05-03 06:43:54 -0400,HKCategoryTypeIdentifierSleepAnalysis,HKCategoryValueSleepAnalysisAsleepCore
2026-05-03 06:46:23 -0400,2026-05-03 06:44:24 -0400,HKCategoryTypeIdentifierSleepAnalysis,HKCategoryValueSleepAnalysisAwake
2026-05-03 07:28:36 -0400,2026-05-03 06:46:23 -0400,HKCategoryTypeIdentifierSleepAnalysis,HKCategoryValueSleepAnalysisAsleepCore
2026-05-03 07:32:35 -0400,2026-05-03 07:28:36 -0400,HKCategoryTypeIdentifierSleepAnalysis,HKCategoryValueSleepAnalysisAwake
2026-05-03 07:39:32 -0400,2026-05-03 07:32:35 -0400,HKCategoryTypeIdentifierSleepAnalysis,HKCategoryValueSleepAnalysisAsleepCore
2026-05-03 08:36:40 -0400,2026-05-03 07:39:32 -0400,HKCategoryTypeIdentifierSleepAnalysis,HKCategoryValueSleepAnalysisAsleepREM
2026-05-03 09:09:27 -0400,2026-05-03 08:36:40 -0400,HKCategoryTypeIdentifierSleepAnalysis,HKCategoryValueSleepAnalysisAsleepCore
2026-05-03 09:11:26 -0400,2026-05-03 09:09:27 -0400,HKCategoryTypeIdentifierSleepAnalysis,HKCategoryValueSleepAnalysisAwake
2026-05-03 09:23:51 -0400,2026-05-03 09:11:26 -0400,HKCategoryTypeIdentifierSleepAnalysis,HKCategoryValueSleepAnalysisAsleepCore
2026-05-03 09:24:51 -0400,2026-05-03 09:23:51 -0400,HKCategoryTypeIdentifierSleepAnalysis,HKCategoryValueSleepAnalysisAwake
2026-05-03 09:43:43 -0400,2026-05-03 09:24:51 -0400,HKCategoryTypeIdentifierSleepAnalysis,HKCategoryValueSleepAnalysisAsleepCore
2026-05-03 10:20:58 -0400,2026-05-03 09:43:43 -0400,HKCategoryTypeIdentifierSleepAnalysis,HKCategoryValueSleepAnalysisAsleepREM
2026-05-03 10:24:27 -0400,2026-05-03 10:20:58 -0400,HKCategoryTypeIdentifierSleepAnalysis,HKCategoryValueSleepAnalysisAwake
2026-05-03 10:48:18 -0400,2026-05-03 10:24:27 -0400,HKCategoryTypeIdentifierSleepAnalysis,HKCategoryValueSleepAnalysisAsleepCore
2026-05-03 10:49:17 -0400,2026-05-03 10:48:18 -0400,HKCategoryTypeIdentifierSleepAnalysis,HKCategoryValueSleepAnalysisAwake
2026-05-03 10:59:13 -0400,2026-05-03 10:49:17 -0400,HKCategoryTypeIdentifierSleepAnalysis,HKCategoryValueSleepAnalysisAsleepCore
2026-05-03 20:29:55 -0400,2026-05-03 20:09:03 -0400,HKCategoryTypeIdentifierSleepAnalysis,HKCategoryValueSleepAnalysisAsleepCore
2026-05-03 20:38:52 -0400,2026-05-03 20:29:55 -0400,HKCategoryTypeIdentifierSleepAnalysis,HKCategoryValueSleepAnalysisAsleepDeep
2026-05-03 20:40:21 -0400,2026-05-03 20:38:52 -0400,HKCategoryTypeIdentifierSleepAnalysis,HKCategoryValueSleepAnalysisAwake
2026-05-03 21:00:13 -0400,2026-05-03 20:40:21 -0400,HKCategoryTypeIdentifierSleepAnalysis,HKCategoryValueSleepAnalysisAsleepCore
2026-05-03 21:02:12 -0400,2026-05-03 21:00:13 -0400,HKCategoryTypeIdentifierSleepAnalysis,HKCategoryValueSleepAnalysisAwake
2026-05-03 21:11:39 -0400,2026-05-03 21:02:12 -0400,HKCategoryTypeIdentifierSleepAnalysis,HKCategoryValueSleepAnalysisAsleepCore
2026-05-03 21:34:00 -0400,2026-05-03 21:11:39 -0400,HKCategoryTypeIdentifierSleepAnalysis,HKCategoryValueSleepAnalysisAwake
2026-05-03 22:17:43 -0400,2026-05-03 21:34:00 -0400,HKCategoryTypeIdentifierSleepAnalysis,HKCategoryValueSleepAnalysisAsleepCore
2026-05-03 22:18:12 -0400,2026-05-03 22:17:43 -0400,HKCategoryTypeIdentifierSleepAnalysis,HKCategoryValueSleepAnalysisAwake
2026-05-03 22:37:05 -0400,2026-05-03 22:18:12 -0400,HKCategoryTypeIdentifierSleepAnalysis,HKCategoryValueSleepAnalysisAsleepCore
2026-05-03 22:56:27 -0400,2026-05-03 22:37:05 -0400,HKCategoryTypeIdentifierSleepAnalysis,HKCategoryValueSleepAnalysisAsleepDeep
2026-05-03 23:16:49 -0400,2026-05-03 22:56:27 -0400,HKCategoryTypeIdentifierSleepAnalysis,HKCategoryValueSleepAnalysisAsleepCore
2026-05-03 23:45:08 -0400,2026-05-03 23:16:49 -0400,HKCategoryTypeIdentifierSleepAnalysis,HKCategoryValueSleepAnalysisAsleepREM
2026-05-04 00:21:23 -0400,2026-05-03 23:45:08 -0400,HKCategoryTypeIdentifierSleepAnalysis,HKCategoryValueSleepAnalysisAsleepCore
2026-05-04 00:22:23 -0400,2026-05-04 00:21:23 -0400,HKCategoryTypeIdentifierSleepAnalysis,HKCategoryValueSleepAnalysisAsleepDeep
2026-05-04 00:38:47 -0400,2026-05-04 00:22:23 -0400,HKCategoryTypeIdentifierSleepAnalysis,HKCategoryValueSleepAnalysisAsleepCore
2026-05-04 00:45:44 -0400,2026-05-04 00:38:47 -0400,HKCategoryTypeIdentifierSleepAnalysis,HKCategoryValueSleepAnalysisAsleepDeep
2026-05-04 01:31:55 -0400,2026-05-04 00:45:44 -0400,HKCategoryTypeIdentifierSleepAnalysis,HKCategoryValueSleepAnalysisAsleepCore
2026-05-04 01:39:23 -0400,2026-05-04 01:31:55 -0400,HKCategoryTypeIdentifierSleepAnalysis,HKCategoryValueSleepAnalysisAsleepREM
2026-05-04 01:43:21 -0400,2026-05-04 01:39:23 -0400,HKCategoryTypeIdentifierSleepAnalysis,HKCategoryValueSleepAnalysisAsleepCore
2026-05-04 01:45:20 -0400,2026-05-04 01:43:21 -0400,HKCategoryTypeIdentifierSleepAnalysis,HKCategoryValueSleepAnalysisAwake
2026-05-04 02:29:33 -0400,2026-05-04 01:45:20 -0400,HKCategoryTypeIdentifierSleepAnalysis,HKCategoryValueSleepAnalysisAsleepCore
2026-05-04 02:30:03 -0400,2026-05-04 02:29:33 -0400,HKCategoryTypeIdentifierSleepAnalysis,HKCategoryValueSleepAnalysisAsleepDeep
2026-05-04 02:30:32 -0400,2026-05-04 02:30:03 -0400,HKCategoryTypeIdentifierSleepAnalysis,HKCategoryValueSleepAnalysisAsleepCore
2026-05-04 02:31:32 -0400,2026-05-04 02:30:32 -0400,HKCategoryTypeIdentifierSleepAnalysis,HKCategoryValueSleepAnalysisAwake
2026-05-04 02:34:31 -0400,2026-05-04 02:31:32 -0400,HKCategoryTypeIdentifierSleepAnalysis,HKCategoryValueSleepAnalysisAsleepCore
2026-05-04 02:36:00 -0400,2026-05-04 02:34:31 -0400,HKCategoryTypeIdentifierSleepAnalysis,HKCategoryValueSleepAnalysisAwake
2026-05-04 03:13:45 -0400,2026-05-04 02:36:00 -0400,HKCategoryTypeIdentifierSleepAnalysis,HKCategoryValueSleepAnalysisAsleepCore
2026-05-04 03:14:15 -0400,2026-05-04 03:13:45 -0400,HKCategoryTypeIdentifierSleepAnalysis,HKCategoryValueSleepAnalysisAwake
2026-05-04 03:18:14 -0400,2026-05-04 03:14:15 -0400,HKCategoryTypeIdentifierSleepAnalysis,HKCategoryValueSleepAnalysisAsleepCore
2026-05-04 03:19:43 -0400,2026-05-04 03:18:14 -0400,HKCategoryTypeIdentifierSleepAnalysis,HKCategoryValueSleepAnalysisAwake
2026-05-04 03:25:41 -0400,2026-05-04 03:19:43 -0400,HKCategoryTypeIdentifierSleepAnalysis,HKCategoryValueSleepAnalysisAsleepCore
2026-05-04 03:44:03 -0400,2026-05-04 03:25:41 -0400,HKCategoryTypeIdentifierSleepAnalysis,HKCategoryValueSleepAnalysisAsleepREM
2026-05-04 04:50:07 -0400,2026-05-04 03:44:03 -0400,HKCategoryTypeIdentifierSleepAnalysis,HKCategoryValueSleepAnalysisAsleepCore
2026-05-04 05:13:28 -0400,2026-05-04 04:50:07 -0400,HKCategoryTypeIdentifierSleepAnalysis,HKCategoryValueSleepAnalysisAsleepREM
2026-05-04 05:18:56 -0400,2026-05-04 05:13:28 -0400,HKCategoryTypeIdentifierSleepAnalysis,HKCategoryValueSleepAnalysisAsleepCore
2026-05-04 05:21:55 -0400,2026-05-04 05:18:56 -0400,HKCategoryTypeIdentifierSleepAnalysis,HKCategoryValueSleepAnalysisAsleepREM
2026-05-04 06:06:37 -0400,2026-05-04 05:21:55 -0400,HKCategoryTypeIdentifierSleepAnalysis,HKCategoryValueSleepAnalysisAsleepCore
2026-05-04 06:09:06 -0400,2026-05-04 06:06:37 -0400,HKCategoryTypeIdentifierSleepAnalysis,HKCategoryValueSleepAnalysisAwake
2026-05-04 06:33:27 -0400,2026-05-04 06:09:06 -0400,HKCategoryTypeIdentifierSleepAnalysis,HKCategoryValueSleepAnalysisAsleepCore
2026-05-04 06:35:56 -0400,2026-05-04 06:33:27 -0400,HKCategoryTypeIdentifierSleepAnalysis,HKCategoryValueSleepAnalysisAsleepREM
2026-05-04 06:39:24 -0400,2026-05-04 06:35:56 -0400,HKCategoryTypeIdentifierSleepAnalysis,HKCategoryValueSleepAnalysisAwake
2026-05-04 06:40:54 -0400,2026-05-04 06:39:24 -0400,HKCategoryTypeIdentifierSleepAnalysis,HKCategoryValueSleepAnalysisAsleepCore
2026-05-04 06:50:50 -0400,2026-05-04 06:40:54 -0400,HKCategoryTypeIdentifierSleepAnalysis,HKCategoryValueSleepAnalysisAsleepREM
2026-05-04 06:53:49 -0400,2026-05-04 06:50:50 -0400,HKCategoryTypeIdentifierSleepAnalysis,HKCategoryValueSleepAnalysisAwake
2026-05-04 06:54:18 -0400,2026-05-04 06:53:49 -0400,HKCategoryTypeIdentifierSleepAnalysis,HKCategoryValueSleepAnalysisAsleepCore
2026-05-04 07:30:05 -0400,2026-05-04 06:54:18 -0400,HKCategoryTypeIdentifierSleepAnalysis,HKCategoryValueSleepAnalysisAsleepREM
